<?xml version="1.0" encoding="UTF-8"?>
<ti:module xmlns:ti="http://ti.appcelerator.org" xmlns:android="http://schemas.android.com/apk/res/android">
	<!--
		Similar to tiapp.xml, but contains module/platform specific
		configuration in <iphone>, <android>, and <mobileweb> sections
	-->
	<iphone>
	</iphone>
	<android xmlns:android="http://schemas.android.com/apk/res/android">
    	<manifest>
    		<application>
            	<meta-data android:name="com.crashlytics.ApiKey" android:value="03ce3548815885e1e38bf99606bdf0b4f3ce2b9e"/>
            </application>
    		<uses-permission android:name="android.permission.INTERNET"/>
        </manifest>
    </android>
	<mobileweb>
	</mobileweb>
</ti:module>